Game_ID,Game_Names,Ratings,Users,Price ($),Game_Category,Game_Genre
1,Bloons TD 6,4.8,"278,207",4.99,Top Paid,Strategy
2,The Room,4.8,"269,328",4.99,Top Paid,Puzzle
3,Monument Valley,4.8,"235,035",4.99,Top Paid,Puzzle
4,Kingdom Rush Origins - TD,4.8,"134,803",4.99,Top Paid,Strategy
5,Stardew Valley,4.7,"109,610",4.99,Top Paid,Role Playing
6,Five Nights at Freddy's,4.7,"131,395",4.99,Top Paid,Action
7,Slay the Spire,4.7,"8,743",4.99,Top Paid,Card
8,Ticket to Ride,4.7,"18,057",4.99,Top Paid,Board
9,Kingdom Rush Frontiers TD,4.7,"164,974",4.99,Top Paid,Strategy
10,Poly Bridge 2,4.7,"3,464",4.99,Top Paid,Simulation
11,Minecraft,4.6,"4,399,665",4.99,Top Paid,Arcade
12,Geometry Dash,4.6,"817,062",4.99,Top Paid,Arcade
13,Terraria,4.6,"340,329",4.99,Top Paid,Adventure
14,Five Nights at Freddy's 2,4.6,"95,487",4.99,Top Paid,Strategy
15,Townscaper,4.6,831,4.99,Top Paid,Casual
16,Bloons TD 5,4.6,"204,859",4.99,Top Paid,Strategy
17,Five Nights at Freddy's 4,4.6,"30,301",4.99,Top Paid,Action
18,Exploding Kittens?? - Official,4.6,"46,512",4.99,Top Paid,Card
19,Monster Hunter Stories,4.6,"12,196",4.99,Top Paid,Role Playing
20,Mini Metro,4.6,"56,207",4.99,Top Paid,Simulation
21,Iron Marines: RTS Offline Real Time Strategy Game,4.6,"64,608",4.99,Top Paid,Strategy
22,Kingdom Rush Vengeance TD Game,4.6,"69,646",4.99,Top Paid,Strategy
23,ePSXe for Android,4.6,"50,372",4.99,Top Paid,Arcade
24,Dead Cells,4.6,"42,101",4.99,Top Paid,Action
25,Ultimate Custom Night,4.5,"18,855",4.99,Top Paid,Action
26,Bridge Constructor Portal,4.5,"15,205",4.99,Top Paid,Puzzle
27,DraStic DS Emulator,4.5,"116,641",4.99,Top Paid,Action
28,FNaF 6: Pizzeria Simulator,4.5,"13,182",4.99,Top Paid,Simulation
29,My Boy! - GBA Emulator,4.5,"51,947",4.99,Top Paid,Arcade
30,LIMBO,4.5,"60,421",4.99,Top Paid,Adventure
31,Five Nights at Freddy's 3,4.5,"33,963",4.99,Top Paid,Action
32,Bad North: Jotunn Edition,4.4,"6,022",4.99,Top Paid,Strategy
33,THE GAME OF LIFE 2,4.4,"11,102",4.99,Top Paid,Board
34,Five Nights at Freddy's: SL,4.4,"30,632",4.99,Top Paid,Action
35,CHRONO TRIGGER (Upgrade Ver.),4.4,"16,144",4.99,Top Paid,Role Playing
36,Hitman Sniper,4.4,"867,291",4.99,Top Paid,Action
37,Pocket City,4.4,"12,914",4.99,Top Paid,Simulation
38,Grand Theft Auto III,4.4,"107,929",4.99,Top Paid,Action
39,MONOPOLY - Classic Board Game,4.3,"83,261",4.99,Top Paid,Board
40,True Skate,4.3,"201,744",4.99,Top Paid,Sports
41,FINAL FANTASY TACTICS : WotL,4.3,"17,634",4.99,Top Paid,Simulation
42,Kingdom Two Crowns,4.3,"2,279",4.99,Top Paid,Simulation
43,Grand Theft Auto: Vice City,4.2,"174,282",0.54,Top Paid,Arcade
44,Graveyard Keeper,4.2,"4,117",0.54,Top Paid,Role Playing
45,The Game of Life,4.2,"39,261",0.54,Top Paid,Board
46,Getting Over It with Bennett Foddy,3.9,"10,858",0.54,Top Paid,Simulation
47,Baldur's Gate Enhanced Edition,3.9,"23,712",0.54,Top Paid,Role Playing
48,Farming Simulator 20,3.9,"35,635",0.54,Top Paid,Simulation
49,Five Nights at Freddy's: HW,3.8,"3,911",0.54,Top Paid,Action
50,Human: Fall Flat,3.6,"21,036",0.54,Top Paid,Puzzle
51,Grand Theft Auto: San Andreas,3.1,"682,088",0.54,Top Paid,Action
52,Call of Duty:Black Ops Zombies,3.1,"20,654",0.54,Top Paid,Action
